-- phpMyAdmin SQL Dump
-- version 4.7.7
-- https://www.phpmyadmin.net/
--
-- Хост: 127.0.0.1:3306
-- Время создания: Мар 21 2018 г., 04:56
-- Версия сервера: 5.6.38
-- Версия PHP: 5.5.38

SET SQL_MODE = "NO_AUTO_VALUE_ON_ZERO";
SET AUTOCOMMIT = 0;
START TRANSACTION;
SET time_zone = "+00:00";


/*!40101 SET @OLD_CHARACTER_SET_CLIENT=@@CHARACTER_SET_CLIENT */;
/*!40101 SET @OLD_CHARACTER_SET_RESULTS=@@CHARACTER_SET_RESULTS */;
/*!40101 SET @OLD_COLLATION_CONNECTION=@@COLLATION_CONNECTION */;
/*!40101 SET NAMES utf8mb4 */;

--
-- База данных: `ioShop`
--

-- --------------------------------------------------------

--
-- Структура таблицы `Goods`
--

CREATE TABLE `Goods` (
  `id` int(11) NOT NULL,
  `id_mark` int(11) NOT NULL,
  `model` varchar(50) NOT NULL,
  `preview` varchar(150) NOT NULL,
  `description` text NOT NULL,
  `configuration` text NOT NULL,
  `id_type` int(11) NOT NULL
) ENGINE=InnoDB DEFAULT CHARSET=utf8;

--
-- Дамп данных таблицы `Goods`
--

INSERT INTO `Goods` (`id`, `id_mark`, `model`, `preview`, `description`, `configuration`, `id_type`) VALUES
(1, 1, 'Aquilon O100', '[Intel Celeron J1800, 2x2410 МГц, 2 ГБ DDR3, HDD 500 ГБ, без ОС]', 'ПК DEXP Aquilon O100 сконфигурирован для выполнения несложных повседневных задач, работает под управлением двухъядерного процессора Intel Celeron J1800, который показывает высокую производительность в различных отраслях использования.\r\nЗа графику на компьютере отвечает интегрированная видеокарта Intel HD Graphics, обеспечивающая комфортную работу в видеоприложениях, обработке HD-роликов и многих других компонентов, связанных с графикой. Надежное хранение данных обеспечивает жесткий диск объемом 500 ГБ.', 'Общие параметры\r\nФорм-фактор корпуса	Mini-Tower\r\nОсновной цвет	чёрный\r\nПрограммное обеспечение\r\nОперационная система	без ОС\r\nПроцессор\r\nМодель процессора	Celeron J1800\r\nКоличество ядер процессора	2\r\nЧастота процессора	2410 МГц\r\nАвтоматическое увеличение частоты	2580 МГц\r\nОбъем кэша L2	1 МБ\r\nОбъем кэша L3	нет\r\nВидеокарта\r\nТип видеокарты	встроенная\r\nПроизводитель видеочипа	Intel\r\nМодель дискретной видеокарты	нет\r\nМодель интегрированной видеокарты	Intel HD Graphics\r\nТип видеопамяти	SMA\r\nОбъем видеопамяти	выделяется из оперативной\r\nОперативная память\r\nТип оперативной памяти	DDR3\r\nРазмер оперативной памяти	2 ГБ\r\nНакопители данных\r\nСуммарный объем жестких дисков (HDD)	500 ГБ\r\nОбъем твердотельного накопителя (SSD)	нет\r\nПоддержка Intel Optane	нет\r\nОбъем накопителя Intel Optane	нет\r\nИнтерфейсы/разъемы\r\nВидео интерфейсы	HDMI, VGA (D-Sub)\r\nИнтерфейсы периферии	USB 3.0, PS/2 x2, USB 2.0 x6, jack 3.5 mm х5\r\nИнтернет/передача данных\r\nВид доступа в Интернет	Ethernet\r\nСкорость сетевого адаптера	1000 Мбит/с\r\nДополнительная информация\r\nОптический привод	нет\r\nДополнительное встроенное оборудование	нет\r\nГабариты\r\nДлина	368 мм\r\nШирина	173 мм\r\nВысота	365 мм', 1),
(2, 3, 'Extensa EX2610G [DT.X0MER.013]', '[Intel Celeron J3060, 2x1600 МГц, 4 ГБ DDR3L, HDD 500 ГБ, без ОС]', 'ПК Acer Extensa EX2610G представлен в компактном тонком корпусе Slim, в котором все приводы имеют вертикальное расположение. Такой аппарат станет настоящей находкой для пользователей, которые хотят сэкономить пространство путем установки компактного устройства. Производительности модели будет достаточно для того, чтобы комфортно выполнять повседневную работу, в чем заслуга процессора Intel Celeron J3060, который оборудован двумя ядрами с рабочей частотой по 1600 МГц на каждое.\r\nМодуль оперативной памяти DDR3L с объемом 4 ГБ способствует тому, чтобы вы не имели препятствий для работы в режиме многозадачности. Благодаря тому, что Acer Extensa EX2610G предусматривает поддержку HDD объемом 500 ГБ, вы получаете надежное хранилище, в котором сможете держать все актуальные данные. Аппарат потребует дополнительной настройки, поскольку не предусматривает ОС. Видео интерфейсы HDMI и VGA (D-Sub) позволят подключить монитор, а USB 2.0 и 3.0 – периферийную технику.', 'Общие параметры\r\nФорм-фактор корпуса	Mini-Tower\r\nОсновной цвет	чёрный\r\nПрограммное обеспечение\r\nОперационная система	без ОС\r\nПроцессор\r\nМодель процессора	Celeron J1800\r\nКоличество ядер процессора	2\r\nЧастота процессора	2410 МГц\r\nАвтоматическое увеличение частоты	2580 МГц\r\nОбъем кэша L2	1 МБ\r\nОбъем кэша L3	нет\r\nВидеокарта\r\nТип видеокарты	встроенная\r\nПроизводитель видеочипа	Intel\r\nМодель дискретной видеокарты	нет\r\nМодель интегрированной видеокарты	Intel HD Graphics\r\nТип видеопамяти	SMA\r\nОбъем видеопамяти	выделяется из оперативной\r\nОперативная память\r\nТип оперативной памяти	DDR3\r\nРазмер оперативной памяти	2 ГБ\r\nНакопители данных\r\nСуммарный объем жестких дисков (HDD)	500 ГБ\r\nОбъем твердотельного накопителя (SSD)	нет\r\nПоддержка Intel Optane	нет\r\nОбъем накопителя Intel Optane	нет\r\nИнтерфейсы/разъемы\r\nВидео интерфейсы	HDMI, VGA (D-Sub)\r\nИнтерфейсы периферии	USB 3.0, PS/2 x2, USB 2.0 x6, jack 3.5 mm х5\r\nИнтернет/передача данных\r\nВид доступа в Интернет	Ethernet\r\nСкорость сетевого адаптера	1000 Мбит/с\r\nДополнительная информация\r\nОптический привод	нет\r\nДополнительное встроенное оборудование	нет\r\nГабариты\r\nДлина	368 мм\r\nШирина	173 мм\r\nВысота	365 мм\r\nОбщие параметры\r\nФорм-фактор корпуса	Midi-Tower\r\nОсновной цвет	чёрный\r\nПрограммное обеспечение\r\nОперационная система	без ОС\r\nПроцессор\r\nМодель процессора	Core i5 7500\r\nКоличество ядер процессора	4\r\nЧастота процессора	3400 МГц\r\nАвтоматическое увеличение частоты	3800 МГц\r\nОбъем кэша L2	1 МБ\r\nОбъем кэша L3	6 МБ\r\nВидеокарта\r\nТип видеокарты	дискретная\r\nПроизводитель видеочипа	Nvidia\r\nМодель дискретной видеокарты	GeForce GTX 1070\r\nМодель интегрированной видеокарты	Intel HD Graphics 630\r\nТип видеопамяти	GDDR5\r\nОбъем видеопамяти	8192 МБ\r\nОперативная память\r\nТип оперативной памяти	DDR4\r\nРазмер оперативной памяти	8 ГБ\r\nНакопители данных\r\nСуммарный объем жестких дисков (HDD)	1 ТБ\r\nОбъем твердотельного накопителя (SSD)	нет\r\nПоддержка Intel Optane	нет\r\nОбъем накопителя Intel Optane	нет\r\nИнтерфейсы/разъемы\r\nВидео интерфейсы	HDMI, DisplayPort, DVI\r\nИнтерфейсы периферии	USB 2.0 x8, USB 3.0 x2, jack 3.5 mm х2\r\nИнтернет/передача данных\r\nВид доступа в Интернет	Ethernet\r\nСкорость сетевого адаптера	1000 Мбит/с\r\nДополнительная информация\r\nОптический привод	нет\r\nДополнительное встроенное оборудование	нет\r\nГабариты\r\nДлина	483 мм\r\nШирина	213 мм\r\nВысота	504 мм\r\n\r\n', 1),
(3, 1, 'Aquilon O126', '[Intel Celeron J1800, 2x2410 МГц, 2 ГБ DDR3, HDD 500 ГБ, Windows 10 Домашняя]', 'ПК DEXP Aquilon O126 спроектирован именитой торговой маркой DEXP, профиль которой – изготовление первоклассного оборудования мультимедийного типа. Представленная модель обладает средними габаритами, которые обусловлены форм-фактором Mini-Tower, в котором она исполнена. Черный корпус делает устройство универсальным для расположения почти в любом интерьере. \r\nDEXP Aquilon O126 оборудован программным обеспечением Windows 10. Эта операционная система является не только интуитивно понятной в управлении, но и отличается быстродействием. За бесперебойное функционирование системы без задержек отвечает процессор Celeron J1800 с двумя ядрами, частота которых равна показателю в 2410 МГц. При этом предусмотрено увеличение частоты при разгоне системы до 2580 МГц. Также устройство оборудовано 2 ГБ оперативной памяти. Вместительный жесткий диск, объем которого составляет 500 ГБ, даст вам возможность разместить на нем действительно много игр, фильмов и музыки.', 'Общие параметры: \r\nФорм-фактор корпуса: Mini-Tower\r\nОсновной цвет: чёрный\r\nПрограммное обеспечение: \r\nОперационная система: Windows 10 Домашняя\r\nПроцессор: \r\nМодель процессора: Celeron J1800\r\nКоличество ядер процессора: 2\r\nЧастота процессора: 2410 МГц\r\nАвтоматическое увеличение частоты: 2580 МГц\r\nОбъем кэша L2: 1 МБ\r\nОбъем кэша L3: нет\r\nВидеокарта: \r\nТип видеокарты: встроенная\r\nПроизводитель видеочипа: Intel\r\nМодель дискретной видеокарты: нет\r\nМодель интегрированной видеокарты: Intel HD Graphics\r\nТип видеопамяти: SMA\r\nОбъем видеопамяти: выделяется из оперативной\r\nОперативная память: \r\nТип оперативной памяти: DDR3\r\nРазмер оперативной памяти: 2 ГБ\r\nНакопители данных: \r\nСуммарный объем жестких дисков (HDD): 500 ГБ\r\nОбъем твердотельного накопителя (SSD): нет\r\nПоддержка Intel Optane: нет\r\nОбъем накопителя Intel Optane: нет\r\nИнтерфейсы/разъемы: \r\nВидео интерфейсы: HDMI, VGA (D-Sub)\r\nИнтерфейсы периферии: USB 3.0, USB 2.0 x6, jack 3.5 mm х2\r\nИнтернет/передача данных: \r\nВид доступа в Интернет: Ethernet\r\nСкорость сетевого адаптера: 1000 Мбит/с\r\nДополнительная информация: \r\nОптический привод: нет\r\nДополнительное встроенное оборудование: нет\r\nГабариты: \r\nДлина: 440 мм', 1),
(4, 2, 'Office 014', '[AMD A4 4000, 2x3000 МГц, 4 ГБ DDR3, HDD 500 ГБ, без ОС]', 'ПК ioShop Office 014 представлен в классическом черном дизайне и обладает форм-фактором Mini-Tower. Устройство оснащено ОС Free DOS и имеет в основе 2-ядерный процессор AMD, действующий с частотой 3000 МГц. Предусматривается наличие встроенной одноименной видеокарты SMA-типа с выделяемым объемом из оперативной памяти.\r\nМодель ioShop Office 014 оснащена 4 Гб оперативной памяти DDR3-типа и жестким HDD-диском на 500 Гб для хранения данных. Предусматривается наличие стандартных HDMI-, VGA- и jack3.5mm-разъемов, а также шести USB-портов. Устройство дополнено сетевым Ethernet-адаптером со скоростью 1000 Мбит/с.', 'Общие параметры: \r\nФорм-фактор корпуса: Mini-Tower\r\nОсновной цвет: чёрный\r\nПрограммное обеспечение: \r\nОперационная система: без ОС\r\nПроцессор: \r\nМодель процессора: A4 4000\r\nКоличество ядер процессора: 2\r\nЧастота процессора: 3000 МГц\r\nАвтоматическое увеличение частоты: 3200 МГц\r\nОбъем кэша L2: 1 МБ\r\nОбъем кэша L3: нет\r\nВидеокарта: \r\nТип видеокарты: встроенная\r\nПроизводитель видеочипа: AMD\r\nМодель дискретной видеокарты: нет\r\nМодель интегрированной видеокарты: AMD Radeon HD 7480D\r\nТип видеопамяти: SMA\r\nОбъем видеопамяти: выделяется из оперативной\r\nОперативная память: \r\nТип оперативной памяти: DDR3\r\nРазмер оперативной памяти: 4 ГБ\r\nНакопители данных: \r\nСуммарный объем жестких дисков (HDD): 500 ГБ\r\nОбъем твердотельного накопителя (SSD): нет\r\nПоддержка Intel Optane: нет\r\nОбъем накопителя Intel Optane: нет\r\nИнтерфейсы/разъемы: \r\nВидео интерфейсы: HDMI, VGA (D-Sub)\r\nИнтерфейсы периферии: USB 2.0 x6, jack 3.5 mm\r\nИнтернет/передача данных: \r\nВид доступа в Интернет: Ethernet\r\nСкорость сетевого адаптера: 1000 Мбит/с\r\nДополнительная информация: \r\nОптический привод: нет\r\nДополнительное встроенное оборудование: нет\r\nГабариты: \r\nДлина: 380 мм', 1),
(5, 2, 'Office 021', '[AMD A4 6300, 2x3700 МГц, 4 ГБ DDR3, HDD 320 ГБ, без ОС]', 'ПК ioShop Office 021 в корпусе Mini-Tower является надежным аппаратом, приспособленным для выполнения рабочих задач. Функционирует он на основе процессора AMD A4 6300, который отличается рабочей частотой 2x3700 МГц, что позволяет пользователям уверенно загружать игровые приложения и с комфортом пользоваться ими. Для повышения производительности предусмотрен модуль оперативной памяти DDR3, объем которого равен 4 ГБ. Именно он способствует повышению свойств быстродействия аппарата.\r\nВстроенная видеокарта AMD Radeon HD 8370D, которую использует ioShop Office 021, позволяет со стабильной скоростью выводить графическую информацию на экран. Память для нее выделяется из оперативной. Наличие диска HDD объемом 320 ГБ предоставляет пользователю внушительную базу для хранения информации и установки различных приложений. За счет того, что ПК не имеет предустановленной ОС, пользователю потребуется произвести начальные настройки прежде, чем приступить к работе.', 'Общие параметры: \r\nФорм-фактор корпуса: Mini-Tower\r\nОсновной цвет: чёрный\r\nПрограммное обеспечение: \r\nОперационная система: без ОС\r\nПроцессор: \r\nМодель процессора: A4 6300\r\nКоличество ядер процессора: 2\r\nЧастота процессора: 3700 МГц\r\nАвтоматическое увеличение частоты: 3900 МГц\r\nОбъем кэша L2: 1 МБ\r\nОбъем кэша L3: нет\r\nВидеокарта: \r\nТип видеокарты: встроенная\r\nПроизводитель видеочипа: AMD\r\nМодель дискретной видеокарты: нет\r\nМодель интегрированной видеокарты: AMD Radeon HD 8370D\r\nТип видеопамяти: SMA\r\nОбъем видеопамяти: выделяется из оперативной\r\nОперативная память: \r\nТип оперативной памяти: DDR3\r\nРазмер оперативной памяти: 4 ГБ\r\nНакопители данных: \r\nСуммарный объем жестких дисков (HDD): 320 ГБ\r\nОбъем твердотельного накопителя (SSD): нет\r\nПоддержка Intel Optane: нет\r\nОбъем накопителя Intel Optane: нет\r\nИнтерфейсы/разъемы: \r\nВидео интерфейсы: HDMI, VGA (D-Sub)\r\nИнтерфейсы периферии: USB 2.0 x6, jack 3.5 mm\r\nИнтернет/передача данных: \r\nВид доступа в Интернет: Ethernet\r\nСкорость сетевого адаптера: 1000 Мбит/с\r\nДополнительная информация: \r\nОптический привод: нет\r\nДополнительное встроенное оборудование: нет\r\nГабариты: \r\nДлина: 380 мм', 1),
(6, 2, 'Office 030', '[AMD A4 6300, 2x3700 МГц, 4 ГБ DDR3, HDD 1 ТБ, без ОС]', 'Системный блок DNS Office 030 – компьютер с надежными аппаратными компонентами. Жесткий диск объемом 1 ТБ позволяет хранить массу необходимых фото- и видеозаписей и музыки. Основой системного блока служит производительный процессор, гарантирующий быстрый запуск и работу всех необходимых программ. DNS Office 030 имеет несколько разъемов USB. Они обеспечивают быстрый обмен данными с внешними накопителями информации. Запаса прочности модели хватит на долгое время, кроме того системный блок можно будет легко улучшить - благодаря использованию вместительно и эргономичного корпуса.', 'Общие параметры: \r\nФорм-фактор корпуса: Mini-Tower\r\nОсновной цвет: чёрный\r\nПрограммное обеспечение: \r\nОперационная система: без ОС\r\nПроцессор: \r\nМодель процессора: A4 4000\r\nКоличество ядер процессора: 2\r\nЧастота процессора: 3000 МГц\r\nАвтоматическое увеличение частоты: 3200 МГц\r\nОбъем кэша L2: 1 МБ\r\nОбъем кэша L3: нет\r\nВидеокарта: \r\nТип видеокарты: встроенная\r\nПроизводитель видеочипа: AMD\r\nМодель дискретной видеокарты: нет\r\nМодель интегрированной видеокарты: AMD Radeon HD 7480D\r\nТип видеопамяти: SMA\r\nОбъем видеопамяти: выделяется из оперативной\r\nОперативная память: \r\nТип оперативной памяти: DDR3\r\nРазмер оперативной памяти: 4 ГБ\r\nНакопители данных: \r\nСуммарный объем жестких дисков (HDD): 500 ГБ\r\nОбъем твердотельного накопителя (SSD): нет\r\nПоддержка Intel Optane: нет\r\nОбъем накопителя Intel Optane: нет\r\nИнтерфейсы/разъемы: \r\nВидео интерфейсы: HDMI, VGA (D-Sub)\r\nИнтерфейсы периферии: USB 2.0 x6, jack 3.5 mm\r\nИнтернет/передача данных: \r\nВид доступа в Интернет: Ethernet\r\nСкорость сетевого адаптера: 1000 Мбит/с\r\nДополнительная информация: \r\nОптический привод: нет\r\nДополнительное встроенное оборудование: нет\r\nГабариты: \r\nДлина: 380 мм', 1),
(7, 3, 'Extensa EX2610G [DT.X0MER.017]', '[Intel Celeron J3060D, 2x1600 МГц, 4 ГБ DDR3, HDD 500 ГБ, Windows 10 Домашняя]', 'ПК Acer Extensa EX2610G размещен в компактном и узком корпусе и снабжен производительными комплектующими, обеспечивающими широкий спектр решаемых с его помощью задач. Быстродействие модели обеспечено процессором Celeron J3060D и оперативной памятью DDR3 объемом 4 ГБ. Обработкой графических данных в нем занимается интегрированный видеочип Intel HD Graphics 400, нуждающийся для работы в ресурсах ОЗУ.\r\nЕдинственным модулем долговременной памяти в Acer Extensa EX2610G является HDD-накопитель, способный разместить до 500 ГБ пользовательской и системной информации. Компьютер укомплектован лицензионной ОС Windows 10 Home, позволяющей активно использовать его для работы, учебы, развлечения сразу после приобретения. Он оснащен адаптерами и интерфейсами, позволяющими подключать периферийные устройства, а его два порта USB 3.0 гарантируют подключение оборудования с высокой скоростью обмена данными с ПК.', 'Общие параметры: \r\nФорм-фактор корпуса: Slim\r\nОсновной цвет: чёрный\r\nПрограммное обеспечение: \r\nОперационная система: Windows 10 Домашняя\r\nПроцессор: \r\nМодель процессора: Celeron J3060D\r\nКоличество ядер процессора: 2\r\nЧастота процессора: 1600 МГц\r\nАвтоматическое увеличение частоты: 2480 МГц\r\nОбъем кэша L2: 2 МБ\r\nОбъем кэша L3: 1 МБ\r\nВидеокарта: \r\nТип видеокарты: встроенная\r\nПроизводитель видеочипа: Intel\r\nМодель дискретной видеокарты: нет\r\nМодель интегрированной видеокарты: Intel HD Graphics 400\r\nТип видеопамяти: SMA\r\nОбъем видеопамяти: выделяется из оперативной\r\nОперативная память: \r\nТип оперативной памяти: DDR3\r\nРазмер оперативной памяти: 4 ГБ\r\nНакопители данных: \r\nСуммарный объем жестких дисков (HDD): 500 ГБ\r\nОбъем твердотельного накопителя (SSD): нет\r\nПоддержка Intel Optane: нет\r\nОбъем накопителя Intel Optane: нет\r\nИнтерфейсы/разъемы: \r\nВидео интерфейсы: HDMI, VGA (D-Sub)\r\nИнтерфейсы периферии: USB 3.0 x2, USB 2.0 x2, jack 3.5 mm х2\r\nИнтернет/передача данных: \r\nВид доступа в Интернет: Ethernet\r\nСкорость сетевого адаптера: 1000 Мбит/с\r\nДополнительная информация: \r\nОптический привод: нет\r\nДополнительное встроенное оборудование: нет\r\nГабариты: \r\nДлина: 354 мм\r\nШирина: 100 мм\r\nВысота: 265 мм', 1),
(8, 1, 'Atlas H135', '[AMD A6 6400K, 2x3900 МГц, 4 ГБ, HDD 500 ГБ, без ОС]', 'ПК DEXP Atlas H135, выполненный в формате Midi-Tower, собран на базе процессора AMD A6 6400K с двумя физическими ядрами. Рабочая частота его составляет 3900 МГц, при возрастании нагрузки она может увеличиваться до 4100 МГц. Вместе с 4 ГБ оперативной памяти такой процессор позволяет эффективно работать сразу в нескольких программах.\r\nИнтегрированная видеокарта AMD Radeon HD 8470D не имеет собственной памяти, а использует оперативную. Для просмотра видео в разрешении Full HD она подойдет, а вот ресурсоемкие игры последних поколений придется запускать с низкими настройками. Для выполнения ежедневных офисных задач и домашнего использования такой системы вполне достаточно. Объем жесткого диска 500 ГБ позволит сохранить еще и весь семейный фотоархив за несколько десятков лет для обычного пользователя. Выбор операционной системы предоставлен будущему владельцу.', 'Общие параметры: \r\nФорм-фактор корпуса: Midi-Tower\r\nОсновной цвет: чёрный\r\nПрограммное обеспечение: \r\nОперационная система: без ОС\r\nПроцессор: \r\nМодель процессора: A6 6400K\r\nКоличество ядер процессора: 2\r\nЧастота процессора: 3900 МГц\r\nАвтоматическое увеличение частоты: 4100 МГц\r\nОбъем кэша L2: 1 МБ\r\nОбъем кэша L3: нет\r\nВидеокарта: \r\nТип видеокарты: встроенная\r\nПроизводитель видеочипа: AMD\r\nМодель дискретной видеокарты: нет\r\nМодель интегрированной видеокарты: AMD Radeon HD 8470D\r\nТип видеопамяти: SMA\r\nОбъем видеопамяти: выделяется из оперативной\r\nМатеринская плата: \r\nЧипсет: AMD A55\r\nОперативная память: \r\nРазмер оперативной памяти: 4 ГБ\r\nНакопители данных: \r\nСуммарный объем жестких дисков (HDD): 500 ГБ\r\nОбъем твердотельного накопителя (SSD): нет\r\nПоддержка Intel Optane: нет\r\nОбъем накопителя Intel Optane: нет\r\nИнтерфейсы/разъемы: \r\nВидео интерфейсы: HDMI, VGA (D-Sub)\r\nДополнительная информация: \r\nОптический привод: нет\r\nДополнительное встроенное оборудование: нет\r\nГабариты: \r\nДлина: 400 мм\r\nШирина: 178 мм\r\nВысота: 365 мм\r\nДлина: 354 мм\r\nШирина: 100 мм\r\nВысота: 265 мм', 1),
(9, 3, 'Veriton S2710G [DT.VQEER.009]', '[Intel Pentium G4560, 2x3500 МГц, 4 ГБ DDR4, HDD 1 ТБ, без ОС]', 'ПК Acer Veriton S2710G отличается многофункциональностью и компактным корпусом, он идеально подходит для малого бизнеса и индивидуальных пользователей. В процессе изготовления представленной модели использовались только экологичные материалы.\r\nТехника работает под управлением процессора Intel. При обработке графики в работу вступает интегрированный чип Intel HD Graphics. За кэширование отвечают 4 ГБ оперативной памяти типа DDR4, что позволяет сохранить высокую производительность при работе с несколькими программами.', 'Общие параметры: \r\nФорм-фактор корпуса: Mini-Tower\r\nОсновной цвет: чёрный, серый\r\nПрограммное обеспечение: \r\nОперационная система: без ОС\r\nПроцессор: \r\nМодель процессора: Pentium G4560\r\nКоличество ядер процессора: 2\r\nЧастота процессора: 3500 МГц\r\nОбъем кэша L2: 256 КБ\r\nОбъем кэша L3: 3 МБ\r\nВидеокарта: \r\nТип видеокарты: встроенная\r\nПроизводитель видеочипа: Intel\r\nМодель дискретной видеокарты: нет\r\nМодель интегрированной видеокарты: Intel HD Graphics 610\r\nТип видеопамяти: SMA\r\nОбъем видеопамяти: выделяется из оперативной\r\nОперативная память: \r\nТип оперативной памяти: DDR4\r\nРазмер оперативной памяти: 4 ГБ\r\nНакопители данных: \r\nСуммарный объем жестких дисков (HDD): 1 ТБ\r\nОбъем твердотельного накопителя (SSD): нет\r\nПоддержка Intel Optane: нет\r\nОбъем накопителя Intel Optane: нет\r\nИнтерфейсы/разъемы: \r\nВидео интерфейсы: DVI-D, VGA (D-Sub)\r\nИнтерфейсы периферии: USB 3.0 x4, USB 2.0 x4, jack 3.5 mm х5, RJ-45\r\nИнтернет/передача данных: \r\nВид доступа в Интернет: Ethernet\r\nСкорость сетевого адаптера: 1000 Мбит/с\r\nДополнительная информация: \r\nОптический привод: нет', 1),
(10, 2, 'Office 025', '[Intel Pentium G4600, 2x3600 МГц, 4 ГБ DDR4, SSD 120 ГБ, без ОС]', 'Соберите свой идеальный «системник» с ПК ioShop Office 025. Это оснащенное надежными аппаратными компонентами устройство с тщательно продуманной эргономикой. Mini-Tower – форм-фактор ПК, его «сердцем» стал двухъядерный процессор с тактовой частотой в 3600 МГц. Это, как и память продуктивного типа DDR4 на 4 ГБ – залог быстродействия и хорошего разгона системы.\r\nПК ioShop Office 025 допускает возможность подключения к нему твердотельного накопителя (SSD) до 120 ГБ объема, чтобы вам было, где хранить все ресурсоемкие приложения. Устройство обладает интерфейсами USB 2.0 x2, USB 3.0 x2, jack 3.5 mm х3, а также сетевым адаптером Ethernet для облегчения использования устройства. Легкий и компактный ПК не займет много места и при этом по функционалу он ничуть не уступает полноразмерным устройствам.', 'Общие параметры: \r\nФорм-фактор корпуса: Mini-Tower\r\nОсновной цвет: чёрный\r\nПрограммное обеспечение: \r\nОперационная система: без ОС\r\nПроцессор: \r\nМодель процессора: Pentium G4600\r\nКоличество ядер процессора: 2\r\nЧастота процессора: 3600 МГц\r\nАвтоматическое увеличение частоты: нет\r\nОбъем кэша L2: 512 КБ\r\nОбъем кэша L3: 3 МБ\r\nВидеокарта: \r\nТип видеокарты: встроенная\r\nПроизводитель видеочипа: Intel\r\nМодель дискретной видеокарты: нет\r\nМодель интегрированной видеокарты: Intel HD Graphics 630\r\nТип видеопамяти: SMA\r\nОбъем видеопамяти: выделяется из оперативной\r\nОперативная память: \r\nТип оперативной памяти: DDR4\r\nРазмер оперативной памяти: 4 ГБ\r\nНакопители данных: \r\nСуммарный объем жестких дисков (HDD): нет\r\nОбъем твердотельного накопителя (SSD): 120 ГБ\r\nПоддержка Intel Optane: нет\r\nОбъем накопителя Intel Optane: нет\r\nИнтерфейсы/разъемы: \r\nВидео интерфейсы: VGA (D-Sub), DVI\r\nИнтерфейсы периферии: USB 3.0 x2, USB 2.0 x2, jack 3.5 mm х3\r\nИнтернет/передача данных: \r\nВид доступа в Интернет: Ethernet\r\nСкорость сетевого адаптера: 1000 Мбит/с\r\nДополнительная информация: \r\nОптический привод: нет\r\nДополнительное встроенное оборудование: нет\r\nГабариты: \r\nДлина: 380 мм\r\nШирина: 175 мм\r\nВысота: 350 мм', 1),
(11, 2, 'Extreme 037', '[AMD Athlon II X4 840, 4x3100 МГц, GeForce GT 730, 4 ГБ DDR3, HDD 500 ГБ, без ОС]', 'ПК ioShop Extreme 037 заключен в корпус формата Midi-Tower. Он подойдет для выполнения стандартных офисных задач, навигации в Интернете, просмотра видео, не самых ресурсоемких игр и других целей, не связанных с обработкой значительных объемов графических данных. Основой системы стал 4-ядерный процессор AMD Athlon II X4 840, работающий с частотой 3100 МГц и способный разгоняться до 3800 МГц в моменты пиковых нагрузок. Установлена оперативная память формата DDR3 объемом 4 ГБ и видеокарта GeForce GT 730.\r\nioShop Extreme 037 не имеет предустановленной операционной системы – пользователь волен выбрать ее самостоятельно в зависимости от своих предпочтений. Для хранения данных предусмотрен жесткий диск на 500 ГБ. Для доступа в Интернет есть Ethernet-порт. Для подключения монитора и периферии служат разъемы HDMI, VGA, PS/2 (2 штуки), jack 3.5 mm и 8 USB 2.0.', 'Общие параметры: \r\nФорм-фактор корпуса: Midi-Tower\r\nОсновной цвет: чёрный\r\nПрограммное обеспечение: \r\nОперационная система: без ОС\r\nПроцессор: \r\nМодель процессора: Athlon II X4 840\r\nКоличество ядер процессора: 4\r\nЧастота процессора: 3100 МГц\r\nАвтоматическое увеличение частоты: 3800 МГц\r\nОбъем кэша L2: 4 МБ\r\nОбъем кэша L3: нет\r\nВидеокарта: \r\nТип видеокарты: дискретная\r\nПроизводитель видеочипа: Nvidia\r\nМодель дискретной видеокарты: GeForce GT 730\r\nМодель интегрированной видеокарты: нет\r\nТип видеопамяти: GDDR3\r\nОбъем видеопамяти: 1024 МБ\r\nОперативная память: \r\nТип оперативной памяти: DDR3\r\nРазмер оперативной памяти: 4 ГБ\r\nНакопители данных: \r\nСуммарный объем жестких дисков (HDD): 500 ГБ\r\nОбъем твердотельного накопителя (SSD): нет\r\nПоддержка Intel Optane: нет\r\nОбъем накопителя Intel Optane: нет\r\nИнтерфейсы/разъемы: \r\nВидео интерфейсы: HDMI, VGA (D-Sub)\r\nИнтерфейсы периферии: USB 2.0 x8, PS/2 x2, jack 3.5 mm\r\nИнтернет/передача данных: \r\nВид доступа в Интернет: Ethernet\r\nСкорость сетевого адаптера: 1000 Мбит/с\r\nДополнительная информация: \r\nОптический привод: нет\r\nДополнительное встроенное оборудование: нет\r\nГабариты: \r\nДлина: 460 мм\r\nШирина: 180 мм\r\nВысота: 380 мм', 1),
(12, 3, 'Veriton S2710G [DT.VQEER.011]', '[Intel Core i3 7100, 2x3900 МГц, 4 ГБ DDR4, HDD 1 ТБ, без ОС]', 'ПК Acer Veriton S2710G заключен в черно-серый корпус формата Mini-Tower. Поставляется представленный ПК без ОС, поэтому пользователь может выбрать любую по желанию. Модель работает на основе процессора Core i3 7100 от Intel с частотой 3900 МГц, имеет встроенную видеокарту Intel HD Graphics 630 и SMA-видеопамять, которая выделяется из оперативной. Оперативная память типа DDR4 имеет размер 4 ГБ. Такие характеристики позволяют компьютеру успешно справляться с офисными и рутинными задачами.\r\nСуммарный объем жестких дисков ПК достигает 1 ТБ, что является весьма достойным показателем и позволяет хранить в устройстве большое количество программ, фильмов, документов, фотографий. ПК Acer Veriton S2710G обеспечивает выход в Интернет со скоростью до 1000 Мбит/с. Также необходимо отметить, что модель имеет все необходимые разъемы и интерфейсы для подключения сторонних и периферийных устройств.', 'Общие параметры: \r\nФорм-фактор корпуса: Mini-Tower\r\nОсновной цвет: чёрный, серый\r\nПрограммное обеспечение: \r\nОперационная система: без ОС\r\nПроцессор: \r\nМодель процессора: Core i3 7100\r\nКоличество ядер процессора: 2\r\nЧастота процессора: 3900 МГц\r\nОбъем кэша L2: 512 КБ\r\nОбъем кэша L3: 3 МБ\r\nВидеокарта: \r\nТип видеокарты: встроенная\r\nПроизводитель видеочипа: Intel\r\nМодель дискретной видеокарты: нет\r\nМодель интегрированной видеокарты: Intel HD Graphics 630\r\nТип видеопамяти: SMA\r\nОбъем видеопамяти: выделяется из оперативной\r\nОперативная память: \r\nТип оперативной памяти: DDR4\r\nРазмер оперативной памяти: 4 ГБ\r\nНакопители данных: \r\nСуммарный объем жестких дисков (HDD): 1 ТБ\r\nОбъем твердотельного накопителя (SSD): нет\r\nПоддержка Intel Optane: нет\r\nОбъем накопителя Intel Optane: нет\r\nИнтерфейсы/разъемы: \r\nВидео интерфейсы: DVI-D, VGA (D-Sub)\r\nИнтерфейсы периферии: USB 3.0 x4, USB 2.0 x4, jack 3.5 mm х5, RJ-45\r\nИнтернет/передача данных: \r\nВид доступа в Интернет: Ethernet\r\nСкорость сетевого адаптера: 1000 Мбит/с\r\nДополнительная информация: \r\nОптический привод: нет', 1),
(13, 1, 'Atlas H137', '[Intel Core i3 7100, 2x3900 МГц, 4 ГБ DDR4, HDD 1 ТБ, без ОС]', 'ПК DEXP Atlas H137 – универсальная машина для домашней и офисной эксплуатации, размещенная в черном корпусе традиционного дизайна форм-фактора Mini-Tower. Стабильную работу и хорошее быстродействие этой модели обеспечивают процессор Intel Core i3 7100 и оперативная память типа DDR4 объемом 4 ГБ. Задача обработки графических данных возложена в нем на встроенный видеопроцессор Intel HD Graphics 630, использующий ресурсы ОЗУ.\r\nУниверсальный компьютер DEXP Atlas H137 в компактном корпусе может предложить видеовыходы HDMI и VGA (D-Sub) для подключения мониторов, порты USB 2.0 в количестве 6 штук и один порт USB 3.0, гигабитный Ethernet-адаптер. Для хранения серьезных объемов пользовательской и системной информации он укомплектован HDD-накопителем объемом 1 ТБ. Компьютер не имеет предустановленной операционной системы, что позволит его владельцу выбрать и инсталлировать наиболее подходящую, с его точки зрения, версию ОС.', 'Общие параметры: \r\nФорм-фактор корпуса: Mini-Tower\r\nОсновной цвет: чёрный\r\nПрограммное обеспечение: \r\nОперационная система: без ОС\r\nПроцессор: \r\nМодель процессора: Core i3 7100\r\nКоличество ядер процессора: 2\r\nЧастота процессора: 3900 МГц\r\nАвтоматическое увеличение частоты: нет\r\nОбъем кэша L2: 512 КБ\r\nОбъем кэша L3: 3 МБ\r\nВидеокарта: \r\nТип видеокарты: встроенная\r\nПроизводитель видеочипа: Intel\r\nМодель дискретной видеокарты: нет\r\nМодель интегрированной видеокарты: Intel HD Graphics 630\r\nТип видеопамяти: SMA\r\nОбъем видеопамяти: выделяется из оперативной\r\nОперативная память: \r\nТип оперативной памяти: DDR4\r\nРазмер оперативной памяти: 4 ГБ\r\nНакопители данных: \r\nСуммарный объем жестких дисков (HDD): 1 ТБ\r\nОбъем твердотельного накопителя (SSD): нет\r\nПоддержка Intel Optane: нет\r\nОбъем накопителя Intel Optane: нет\r\nИнтерфейсы/разъемы: \r\nВидео интерфейсы: HDMI, VGA (D-Sub)\r\nИнтерфейсы периферии: USB 3.0, USB 2.0 x6, jack 3.5 mm\r\nИнтернет/передача данных: \r\nВид доступа в Интернет: Ethernet\r\nСкорость сетевого адаптера: 1000 Мбит/с\r\nДополнительная информация: \r\nОптический привод: нет\r\nДополнительное встроенное оборудование: нет', 1),
(14, 2, 'Home 020', '[AMD Athlon X4 950, 4x3500 МГц, GeForce GT 1030, 4 ГБ DDR4, HDD 1 ТБ, без ОС]', 'Для стабильной работы с многочисленными программами, а также для получения удовольствия при загрузке развлекательных приложений отличным устройством является ПК ioShop Home 020. Надежность аппаратных компонентов гарантирует производительность ПК. Его основой является процессор AMD Athlon X4 950, который наделен четырьмя ядрами, для каждого из которых предусмотрена тактовая частота работы 3500 МГц с возможностью повышения этого параметра до 3800 МГц.\r\nioShop Home 020 предусматривает наличие дискретной видеокарты GeForce GT 1030, благодаря которой данный ПК обеспечивает изумительно качественную картинку, позволяя наслаждаться графической составляющей. Повышению производительности способствует память DDR4, модуль которой поддерживает объем 4 ГБ. Для хранения различной информации предусмотрен диск HDD, объем которого равен 1 ТБ. ПК требует предварительной настройки с установкой ОС, поскольку предустановленной системы данная модель не предусматривает.', 'Общие параметры: \r\nФорм-фактор корпуса: Midi-Tower\r\nОсновной цвет: чёрный\r\nПрограммное обеспечение: \r\nОперационная система: без ОС\r\nПроцессор: \r\nМодель процессора: Athlon X4 950\r\nКоличество ядер процессора: 4\r\nЧастота процессора: 3500 МГц\r\nАвтоматическое увеличение частоты: 3800 МГц\r\nОбъем кэша L2: 2 МБ\r\nОбъем кэша L3: нет\r\nВидеокарта: \r\nТип видеокарты: дискретная\r\nПроизводитель видеочипа: Nvidia\r\nМодель дискретной видеокарты: GeForce GT 1030\r\nМодель интегрированной видеокарты: нет\r\nТип видеопамяти: GDDR5\r\nОбъем видеопамяти: 2048 МБ\r\nОперативная память: \r\nТип оперативной памяти: DDR4\r\nРазмер оперативной памяти: 4 ГБ\r\nНакопители данных: \r\nСуммарный объем жестких дисков (HDD): 1 ТБ\r\nОбъем твердотельного накопителя (SSD): нет\r\nПоддержка Intel Optane: нет\r\nОбъем накопителя Intel Optane: нет\r\nИнтерфейсы/разъемы: \r\nВидео интерфейсы: HDMI, DVI\r\nИнтерфейсы периферии: USB 3.0 x4, USB 2.0 x2, jack 3.5 mm х3\r\nИнтернет/передача данных: \r\nВид доступа в Интернет: Ethernet\r\nСкорость сетевого адаптера: 1000 Мбит/с\r\nДополнительная информация: \r\nОптический привод: нет\r\nДополнительное встроенное оборудование: нет\r\nГабариты: \r\nДлина: 445 мм\r\nШирина: 203 мм\r\nВысота: 464 мм', 1),
(15, 1, 'Mars E155', '[Intel Pentium G4400, 2x3300 МГц, GeForce GTX 750 Ti, 8 ГБ DDR4, HDD 1 ТБ, без ОС]', 'ПК DEXP Mars E155 будет для вас отличным выбором, если вам необходим универсальный компьютер. Модель подойдет для учебы, работы и использования Интернета. Вы сможете самостоятельно выбрать операционную систему для установки, так как модель поставляется без нее. Вычислительную мощность компьютера обеспечивает сочетание 2-ядерного процессора Pentium G4400 с частотой 3300 МГц и 8 ГБ DDR4-памяти. Дискретная видеокарта GeForce GTX 750 Ti обеспечит вам возможность использования игр, насыщенных трехмерной графикой. Для хранения данных используется 1-терабайтный HDD.\r\nКомпьютер DEXP Mars E155 займет минимум места: он соответствует форм-фактору Mini-Tower и имеет габаритные размеры 460x180x380 мм. В наличии гигабитный порт Ethernet. Для подключения источников изображения могут использоваться порты HDMI и VGA (D-Sub). Периферийные устройства подключаются к портам USB (в наличии их 8). 2 порта USB выведены на переднюю панель. Корпус компьютера имеет стильный внешний вид и сможет украсить ваш дом или офис.', 'Общие параметры: \r\nФорм-фактор корпуса: Mini-Tower\r\nОсновной цвет: чёрный\r\nПрограммное обеспечение: \r\nОперационная система: без ОС\r\nПроцессор: \r\nМодель процессора: Pentium G4400\r\nКоличество ядер процессора: 2\r\nЧастота процессора: 3300 МГц\r\nАвтоматическое увеличение частоты: нет\r\nОбъем кэша L2: 512 КБ\r\nОбъем кэша L3: 3 МБ\r\nВидеокарта: \r\nТип видеокарты: дискретная\r\nПроизводитель видеочипа: Nvidia\r\nМодель дискретной видеокарты: GeForce GTX 750 Ti\r\nМодель интегрированной видеокарты: Intel HD Graphics 510\r\nТип видеопамяти: GDDR5\r\nОбъем видеопамяти: 1024 МБ\r\nОперативная память: \r\nТип оперативной памяти: DDR4\r\nРазмер оперативной памяти: 8 ГБ\r\nНакопители данных: \r\nСуммарный объем жестких дисков (HDD): 1 ТБ\r\nОбъем твердотельного накопителя (SSD): нет\r\nПоддержка Intel Optane: нет\r\nОбъем накопителя Intel Optane: нет\r\nИнтерфейсы/разъемы: \r\nВидео интерфейсы: HDMI, VGA (D-Sub)\r\nИнтерфейсы периферии: USB 2.0 x8, jack 3.5 mm х2\r\nИнтернет/передача данных: \r\nВид доступа в Интернет: Ethernet\r\nСкорость сетевого адаптера: 1000 Мбит/с\r\nДополнительная информация: \r\nОптический привод: нет\r\nДополнительное встроенное оборудование: нет\r\nГабариты: \r\nДлина: 460 мм\r\nШирина: 180 мм\r\nВысота: 380 мм', 1),
(16, 1, 'Mars E103', '[AMD FX 4300, 4x3800 МГц, GeForce GTX 650, 4 ГБ DDR3, HDD 1 ТБ, DVD±RW, без ОС]', 'ПК DEXP Mars E103 создан для домашнего использования, он подойдет для решения всевозможных задач, с которыми только может столкнуться пользователь. \r\nПроизводительную работу ПК обеспечивают мощный четырехъядерный процессор AMD FX 4300, дискретная видеокарта NVIDIA GeForce GTX 650 с 1 ГБ видеопамяти и оперативная память на 4 ГБ типа DDR3.\r\nХранить большие массивы данных и мультимедийного контента в DEXP Mars E103 позволяет надежный накопитель объемом в 1 ТБ.', 'Общие параметры: \r\nФорм-фактор корпуса: Micro-Tower\r\nОсновной цвет: чёрный\r\nПрограммное обеспечение: \r\nОперационная система: без ОС\r\nПроцессор: \r\nМодель процессора: FX 4300\r\nКоличество ядер процессора: 4\r\nЧастота процессора: 3800 МГц\r\nАвтоматическое увеличение частоты: 4000 МГц\r\nОбъем кэша L2: 4 МБ\r\nОбъем кэша L3: 4 МБ\r\nВидеокарта: \r\nТип видеокарты: дискретная\r\nПроизводитель видеочипа: Nvidia\r\nМодель дискретной видеокарты: GeForce GTX 650\r\nМодель интегрированной видеокарты: нет\r\nТип видеопамяти: GDDR5\r\nОбъем видеопамяти: 1024 МБ\r\nОперативная память: \r\nТип оперативной памяти: DDR3\r\nРазмер оперативной памяти: 4 ГБ\r\nНакопители данных: \r\nСуммарный объем жестких дисков (HDD): 1 ТБ\r\nОбъем твердотельного накопителя (SSD): нет\r\nПоддержка Intel Optane: нет\r\nОбъем накопителя Intel Optane: нет\r\nИнтерфейсы/разъемы: \r\nВидео интерфейсы: HDMI, VGA (D-Sub), mini HDMI, DVI-I х2\r\nИнтерфейсы периферии: USB 2.0 x8, jack 3.5 mm\r\nИнтернет/передача данных: \r\nВид доступа в Интернет: Ethernet\r\nСкорость сетевого адаптера: 1000 Мбит/с\r\nДополнительная информация: \r\nОптический привод: DVD±RW\r\nДополнительное встроенное оборудование: нет\r\nГабариты: \r\nДлина: 460 мм\r\nШирина: 180 мм\r\nВысота: 380 мм', 1),
(17, 5, 'Pavilion 570-p077ur [2CY04EA]', '[Intel Pentium G4560, 2x3500 МГц, GeForce GT 1030, 8 ГБ DDR4, HDD 1 ТБ, Wi-Fi, DVD-RW, без ОС]', 'Ищите функциональное и производительное устройство, которое дарило бы комфорт при любом обращении к нему? Тогда стоит остановить выбор на ПК HP Pavilion 570-p077ur, выполненном в серебристом стильном корпусе. Модель без ОС предусматривает подготовительную настройку перед началом работы, поэтому вы сможете выбрать ту систему, которая для вас наиболее предпочтительна. Благодаря работе процессора Intel Pentium G4560 с двумя ядрами с рабочей частотой 3500 МГц достигается эффективность, производительность, а также экономное потребление энергии, что гарантирует работу без сбоев.\r\nВидеокарта GeForce GT 1030 обеспечивает отличные графические возможности: вы оцените яркие цвета и хорошее качество отображения страниц в Интернете, а также видео или графических изображений. HP Pavilion 570-p077ur поддерживает память DDR4, объем которой составляет 8 ГБ, поэтому ПК отличается надежностью, отличными скоростными возможностями, а также эффективностью работы. Модель оборудована диском HDD на 1 ТБ, поддерживает подключение по Wi-Fi.', 'Общие параметры: \r\nФорм-фактор корпуса: Mini-Tower\r\nОсновной цвет: серебристый\r\nПрограммное обеспечение: \r\nОперационная система: без ОС\r\nПроцессор: \r\nМодель процессора: Pentium G4560\r\nКоличество ядер процессора: 2\r\nЧастота процессора: 3500 МГц\r\nАвтоматическое увеличение частоты: нет\r\nОбъем кэша L2: 512 КБ\r\nОбъем кэша L3: 3 МБ\r\nВидеокарта: \r\nТип видеокарты: дискретная\r\nПроизводитель видеочипа: Nvidia\r\nМодель дискретной видеокарты: GeForce GT 1030\r\nТип видеопамяти: GDDR5\r\nОбъем видеопамяти: 2048 МБ\r\nМатеринская плата: \r\nЧипсет: Intel H270\r\nОперативная память: \r\nТип оперативной памяти: DDR4\r\nРазмер оперативной памяти: 8 ГБ\r\nНакопители данных: \r\nСуммарный объем жестких дисков (HDD): 1 ТБ\r\nОбъем твердотельного накопителя (SSD): нет\r\nИнтерфейсы/разъемы: \r\nВидео интерфейсы: HDMI, VGA (D-Sub)\r\nИнтерфейсы периферии: USB 2.0 x2, USB 3.0 x3, jack 3.5 mm х2, USB 3.1 x1 Type C, RJ-45, Combo audio jack 3.5 mm\r\nИнтернет/передача данных: \r\nВид доступа в Интернет: Ethernet, Wi-Fi\r\nСкорость сетевого адаптера: 1000 Мбит/с\r\nДополнительная информация: \r\nОптический привод: DVD-RW\r\nДополнительное встроенное оборудование: карт-ридер, Bluetooth\r\nДополнительно: в комплекте клавиатура и мышка, 1 слот M.2 PCIe Gen3, 1 слот M.2\r\nОсобенности: внешний блок питания на 180W\r\nГабариты: \r\nДлина: 315 мм\r\nШирина: 163 мм', 1),
(18, 1, 'Mars E179', '[Intel Pentium G4600, 2x3600 МГц, GeForce GTX 1050, 8 ГБ DDR4, HDD 1 ТБ, без ОС]', 'ПК DEXP Mars E179 с видеокартой GeForce GTX 1050 от Nvidia подойдет для любых, даже самых требовательных игр. При этом комплектацию его можно назвать минимально достаточной: процессор Pentium G4600 от Intel, 8 ГБ оперативной памяти DDR4. При желании ее можно будет расширять. Любители моддинга смогут установить подсветку: в корпусе есть большое прозрачное окно.\r\nDEXP Mars E179 поставляется без операционной системы, поэтому ее можно будет выбрать по усмотрению пользователя. Подключение к сети проводное, через Ethernet-порт. Наличие трех вариантов видеовыходов позволяет использовать мониторы разных поколений. Для подключения периферического оборудования есть четыре USB и три разъема jack 3.5 mm.', 'Общие параметры: \r\nФорм-фактор корпуса: Midi-Tower\r\nОсновной цвет: чёрный\r\nПрограммное обеспечение: \r\nОперационная система: без ОС\r\nПроцессор: \r\nМодель процессора: Pentium G4600\r\nКоличество ядер процессора: 2\r\nЧастота процессора: 3600 МГц\r\nАвтоматическое увеличение частоты: нет\r\nОбъем кэша L2: 512 КБ\r\nОбъем кэша L3: 3 МБ\r\nВидеокарта: \r\nТип видеокарты: дискретная\r\nПроизводитель видеочипа: Nvidia\r\nМодель дискретной видеокарты: GeForce GTX 1050\r\nМодель интегрированной видеокарты: Intel HD Graphics 630\r\nТип видеопамяти: GDDR5\r\nОбъем видеопамяти: 2048 МБ\r\nОперативная память: \r\nТип оперативной памяти: DDR4\r\nРазмер оперативной памяти: 8 ГБ\r\nНакопители данных: \r\nСуммарный объем жестких дисков (HDD): 1 ТБ\r\nОбъем твердотельного накопителя (SSD): нет\r\nПоддержка Intel Optane: нет\r\nОбъем накопителя Intel Optane: нет\r\nИнтерфейсы/разъемы: \r\nВидео интерфейсы: HDMI, DisplayPort, DVI\r\nИнтерфейсы периферии: USB 3.0 x2, USB 2.0 x2, jack 3.5 mm х3\r\nИнтернет/передача данных: \r\nВид доступа в Интернет: Ethernet\r\nСкорость сетевого адаптера: 1000 Мбит/с\r\nДополнительная информация: \r\nОптический привод: нет\r\nДополнительное встроенное оборудование: нет\r\nГабариты: \r\nДлина: 445 мм\r\nШирина: 203 мм\r\nВысота: 464 мм', 1),
(19, 1, 'Mars E171', '[Intel Pentium G4600, 2x3600 МГц, GeForce GTX 1050 Ti, 8 ГБ DDR4, HDD 1 ТБ, без ОС]', 'ПК DEXP Mars E171 оптимален для использования в качестве домашнего компьютера универсального назначения. Конфигурация этого системного блока подходит для комфортного использования программ офисного класса. Высокая скорость работы компьютера обеспечивается за счет сочетания 2-ядерного процессора Intel Pentium G4600 и 8 ГБ оперативной памяти DDR4. Наличие дискретного видеоадаптера GeForce GTX 1050 Ti обуславливает возможность использования игр. Для хранения данных используется 1-терабайтный HDD, ресурсов которого достаточно для того, чтобы не задумываться о том, будет ли достаточно места для установки игр или программ.\r\nПК DEXP Mars E171 собран в корпусе Mini-Tower, который отличается компактными размерами: они составляют 387x175x354 мм. Компьютер можно будет с комфортом установить даже при дефиците свободного пространства. Производителем предусмотрено наличие всех необходимых интерфейсных портов. ПК поставляется без предустановленной операционной системы: ее выбор предоставлен пользователю. В комплектацию модели входят диски с программным обеспечением, руководство пользователя и кабель для подключения к электрической сети. ПК упакован в коробку из прочного картона.', 'Общие параметры: \r\nФорм-фактор корпуса: Mini-Tower\r\nОсновной цвет: чёрный\r\nПрограммное обеспечение: \r\nОперационная система: без ОС\r\nПроцессор: \r\nМодель процессора: Pentium G4600\r\nКоличество ядер процессора: 2\r\nЧастота процессора: 3600 МГц\r\nАвтоматическое увеличение частоты: нет\r\nОбъем кэша L2: 512 КБ\r\nОбъем кэша L3: 3 МБ\r\nВидеокарта: \r\nТип видеокарты: дискретная\r\nПроизводитель видеочипа: Nvidia\r\nМодель дискретной видеокарты: GeForce GTX 1050 Ti\r\nМодель интегрированной видеокарты: Intel HD Graphics 630\r\nТип видеопамяти: GDDR5\r\nОбъем видеопамяти: 4096 МБ\r\nОперативная память: \r\nТип оперативной памяти: DDR4\r\nРазмер оперативной памяти: 8 ГБ\r\nНакопители данных: \r\nСуммарный объем жестких дисков (HDD): 1 ТБ\r\nОбъем твердотельного накопителя (SSD): нет\r\nПоддержка Intel Optane: нет\r\nОбъем накопителя Intel Optane: нет\r\nИнтерфейсы/разъемы: \r\nВидео интерфейсы: HDMI\r\nИнтерфейсы периферии: USB 2.0 x4, USB 3.0 x3, jack 3.5 mm х2\r\nИнтернет/передача данных: \r\nВид доступа в Интернет: Ethernet\r\nСкорость сетевого адаптера: 1000 Мбит/с\r\nДополнительная информация: \r\nОптический привод: нет\r\nДополнительное встроенное оборудование: нет\r\nГабариты: \r\nДлина: 387 мм\r\nШирина: 175 мм\r\nВысота: 354 мм', 1),
(20, 4, 'IdeaCentre 510-15IKL [90G8001YRS]', '[Intel Core i3 7100, 2x3900 МГц, GeForce GTX 1050, 8 ГБ DDR4, HDD 1 ТБ, Windows 10 Домашняя]', 'ПК Lenovo IdeaCentre 510-15IKL [90G8001YRS] впечатляет своим внешним видом: его корпус форм-фактора Micro-Tower не только имеет стильную форму, но и окрашен в привлекательный серый цвет, и украшен логотипами производителя. ПК работает под управлением Windows 10: вы получите в свое распоряжение систему, которую отличает великолепная совместимость с большим количеством периферийных устройств.\r\nПК Lenovo IdeaCentre 510-15IKL [90G8001YRS] является компьютером универсального назначения. Конфигурация компьютера идеально сбалансирована, и рассчитана на использование как офисных программ, так и игр среднего уровня сложности. Быстродействие системы обеспечивается за счет сочетания 2-ядерного процессора Intel Core i3 7100, 8 ГБ оперативной памяти DDR4 и дискретного видеоадаптера GeForce GTX 1050. Наличие 1-терабайтного HDD обеспечивает свободу размещения данных.\r\nНа передней панели ПК находятся 4 USB-порта, соответствующих требованиям спецификации USB 3.0. Эти порты предназначены для подключения внешних жестких дисков и флеш-накопителей. В случае поддержки вашими USB-накопителями стандарта USB 3.0 вы получите впечатляющую скорость обмена данными.', 'Общие параметры: \r\nФорм-фактор корпуса: Micro-Tower\r\nОсновной цвет: серый\r\nПрограммное обеспечение: \r\nОперационная система: Windows 10 Домашняя\r\nПроцессор: \r\nМодель процессора: Core i3 7100\r\nКоличество ядер процессора: 2\r\nЧастота процессора: 3900 МГц\r\nАвтоматическое увеличение частоты: нет\r\nОбъем кэша L2: 512 КБ\r\nОбъем кэша L3: 3 МБ\r\nВидеокарта: \r\nТип видеокарты: дискретная\r\nПроизводитель видеочипа: Nvidia\r\nМодель дискретной видеокарты: GeForce GTX 1050\r\nМодель интегрированной видеокарты: Intel HD Graphics 630\r\nТип видеопамяти: GDDR5\r\nОбъем видеопамяти: 2048 МБ\r\nОперативная память: \r\nТип оперативной памяти: DDR4\r\nРазмер оперативной памяти: 8 ГБ\r\nНакопители данных: \r\nСуммарный объем жестких дисков (HDD): 1 ТБ\r\nОбъем твердотельного накопителя (SSD): нет\r\nПоддержка Intel Optane: нет\r\nОбъем накопителя Intel Optane: нет\r\nИнтерфейсы/разъемы: \r\nВидео интерфейсы: DVI-D\r\nИнтерфейсы периферии: USB 3.0 x4, USB 2.0 x4\r\nИнтернет/передача данных: \r\nВид доступа в Интернет: Ethernet\r\nСкорость сетевого адаптера: 1000 Мбит/с\r\nДополнительная информация: \r\nОптический привод: нет\r\nГабариты: \r\nДлина: 285 мм\r\nШирина: 145 мм\r\nВысота: 366 мм', 1),
(21, 1, 'Jupiter P127', '[Intel Core i3 7100, 2x3900 МГц, GeForce GTX 1060, 8 ГБ DDR4, HDD 1 ТБ, без ОС]', 'ПК DEXP Jupiter P127 создан для высокоскоростного доступа к ресурсоемким приложениям, комфортного выполнения повседневных задач, а также для отдыха. Набор характеристик модели говорит о том, что перед вами игровой аппарат. Он не имеет предустановленной ОС, что позволяет выбрать для установки систему, удобную именно для вас. Особенность ПК – в процессоре Intel Core i3 7100 c внушительными частотными характеристиками 2x3900 МГц. Параметры производительности также представлены модулем оперативной памяти DDR4 с поддержкой 8 ГБ.\r\nДискретная видеокарта GeForce GTX 1060 наряду с интегрированной видеокартой Intel HD Graphics 600 дарит быстродействие при загрузке приложений, высококачественный просмотр видео в самом высоком качестве. DEXP Jupiter P127 оборудован HDD объемом 1 ТБ. Для подключения периферии ПК использует восемь входов USB 2.0, два USB 3.0 и два jack 3.5 mm.', 'Общие параметры: \r\nФорм-фактор корпуса: Midi-Tower\r\nОсновной цвет: чёрный\r\nПрограммное обеспечение: \r\nОперационная система: без ОС\r\nПроцессор: \r\nМодель процессора: Core i3 7100\r\nКоличество ядер процессора: 2\r\nЧастота процессора: 3900 МГц\r\nАвтоматическое увеличение частоты: нет\r\nОбъем кэша L2: 512 КБ\r\nОбъем кэша L3: 3 МБ\r\nВидеокарта: \r\nТип видеокарты: дискретная\r\nПроизводитель видеочипа: Nvidia\r\nМодель дискретной видеокарты: GeForce GTX 1060\r\nМодель интегрированной видеокарты: Intel HD Graphics 600\r\nТип видеопамяти: GDDR5\r\nОбъем видеопамяти: 3072 МБ\r\nОперативная память: \r\nТип оперативной памяти: DDR4\r\nРазмер оперативной памяти: 8 ГБ\r\nНакопители данных: \r\nСуммарный объем жестких дисков (HDD): 1 ТБ\r\nОбъем твердотельного накопителя (SSD): нет\r\nПоддержка Intel Optane: нет\r\nОбъем накопителя Intel Optane: нет\r\nИнтерфейсы/разъемы: \r\nВидео интерфейсы: HDMI, DisplayPort, DVI\r\nИнтерфейсы периферии: USB 2.0 x8, USB 3.0 x2, jack 3.5 mm х2\r\nИнтернет/передача данных: \r\nВид доступа в Интернет: Ethernet\r\nСкорость сетевого адаптера: 1000 Мбит/с\r\nДополнительная информация: \r\nОптический привод: нет\r\nДополнительное встроенное оборудование: нет\r\nГабариты: \r\nДлина: 483 мм\r\nШирина: 213 мм', 1),
(22, 1, 'Mars E158', '[Intel Core i5 7400, 4x3000 МГц, GeForce GTX 1050 Ti, 8 ГБ DDR4, HDD 1 ТБ, без ОС]', 'ПК DEXP Mars E158, помещенный в корпус Mini-Tower, порадует своими возможностями не только тех, кто профессионально занимается обработкой графики и видео, но и \"продвинутых\" геймеров. Разумеется, этой системе под силу решение любой офисной задачи и все домашние развлечения. В основу сборки положен мощный четырехъядерный процессор Intel Core i5 7400 с кэшем третьего уровня 6 МБ, ОЗУ формата DDR4 на 8 ГБ и видеокарта GeForce GTX 1050 Ti от Nvidia.\r\nДля вывода изображения на монитор или на экран телевизора можно использовать HDMI, DVI-D или DisplayPort, а подключение периферии возможно через USB 2.0, которых в арсенале DEXP Mars E158 целых 8 штук. Для соединения с Интернетом служит интерфейс Ethernet. Выбор операционной системы предоставлен пользователю.', 'Общие параметры: \r\nФорм-фактор корпуса: Mini-Tower\r\nОсновной цвет: чёрный\r\nПрограммное обеспечение: \r\nОперационная система: без ОС\r\nПроцессор: \r\nМодель процессора: Core i5 7400\r\nКоличество ядер процессора: 4\r\nЧастота процессора: 3000 МГц\r\nАвтоматическое увеличение частоты: 3500 МГц\r\nОбъем кэша L2: 1 МБ\r\nОбъем кэша L3: 6 МБ\r\nВидеокарта: \r\nТип видеокарты: дискретная\r\nПроизводитель видеочипа: Nvidia\r\nМодель дискретной видеокарты: GeForce GTX 1050 Ti\r\nМодель интегрированной видеокарты: Intel HD Graphics 630\r\nТип видеопамяти: GDDR5\r\nОбъем видеопамяти: 4096 МБ\r\nОперативная память: \r\nТип оперативной памяти: DDR4\r\nРазмер оперативной памяти: 8 ГБ\r\nНакопители данных: \r\nСуммарный объем жестких дисков (HDD): 1 ТБ\r\nОбъем твердотельного накопителя (SSD): нет\r\nПоддержка Intel Optane: нет\r\nОбъем накопителя Intel Optane: нет\r\nИнтерфейсы/разъемы: \r\nВидео интерфейсы: HDMI, DVI-D, DisplayPort\r\nИнтерфейсы периферии: USB 2.0 x8\r\nИнтернет/передача данных: \r\nВид доступа в Интернет: Ethernet\r\nСкорость сетевого адаптера: 1000 Мбит/с\r\nДополнительная информация: \r\nОптический привод: нет\r\nДополнительное встроенное оборудование: нет\r\nГабариты: \r\nДлина: 460 мм\r\nШирина: 180 мм', 1);
INSERT INTO `Goods` (`id`, `id_mark`, `model`, `preview`, `description`, `configuration`, `id_type`) VALUES
(24, 1, 'Jupiter P126', '[Intel Core i7 7700, 4x3600 МГц, 16 ГБ DDR4, HDD 2 ТБ, без ОС]', 'ПК DEXP Jupiter P126 выполнен в интересном дизайне корпуса Midi-Tower и представляет собой производительный аппарат, который способен удовлетворить каждого. В его арсенале HDD на 2 ТБ, что позволяет не следить за заполняемостью памяти, сохраняя больше и больше видеозаписей и фото, которые содержат воспоминания. Для подключения периферии модель использует такие разъемы: USB 2.0x8, jack 3.5 mmx2, USB 3.0x2. ПК не имеет предустановленной ОС, поэтому вам придется самостоятельно выбирать систему, чтобы впоследствии установить ее.\r\nDEXP Jupiter P126 – производительный аппарат, отличающийся быстродействием. Это достигается благодаря работе процессора Intel Core i7 7700 на частоте 4x3600 МГц. В помощь ему производитель предусмотрел модуль памяти DDR4 объемом 16 ГБ. Стабильность при загрузке игр гарантирует встроенная видеокарта Intel HD Graphics 630, для которой память выделяется из оперативной.', 'Общие параметры: \r\nФорм-фактор корпуса: Midi-Tower\r\nОсновной цвет: чёрный\r\nПрограммное обеспечение: \r\nОперационная система: без ОС\r\nПроцессор: \r\nМодель процессора: Core i7 7700\r\nКоличество ядер процессора: 4\r\nЧастота процессора: 3600 МГц\r\nАвтоматическое увеличение частоты: 4200 МГц\r\nОбъем кэша L2: 1 МБ\r\nОбъем кэша L3: 8 МБ\r\nВидеокарта: \r\nТип видеокарты: встроенная\r\nПроизводитель видеочипа: Intel\r\nМодель дискретной видеокарты: нет\r\nМодель интегрированной видеокарты: Intel HD Graphics 630\r\nТип видеопамяти: SMA\r\nОбъем видеопамяти: выделяется из оперативной\r\nОперативная память: \r\nТип оперативной памяти: DDR4\r\nРазмер оперативной памяти: 16 ГБ\r\nНакопители данных: \r\nСуммарный объем жестких дисков (HDD): 2 ТБ\r\nОбъем твердотельного накопителя (SSD): нет\r\nПоддержка Intel Optane: нет\r\nОбъем накопителя Intel Optane: нет\r\nИнтерфейсы/разъемы: \r\nВидео интерфейсы: HDMI, VGA (D-Sub)\r\nИнтерфейсы периферии: USB 2.0 x8, USB 3.0 x2, jack 3.5 mm х2\r\nИнтернет/передача данных: \r\nВид доступа в Интернет: Ethernet\r\nСкорость сетевого адаптера: 1000 Мбит/с\r\nДополнительная информация: \r\nОптический привод: нет\r\nДополнительное встроенное оборудование: нет\r\nГабариты: \r\nДлина: 483 мм\r\nШирина: 213 мм', 1),
(25, 5, 'Omen 880-022ur [2BW75EA]', '[Intel Core i5 7400, 4x3000 МГц, Radeon RX 580, 16 ГБ DDR4, HDD 1 ТБ, SSD 256 ГБ, Wi-Fi, DVD±RW, без ОС]', 'Настольный ПК OMEN — это элегантный дизайн, мощное железо и удобство модернизации, необходимые для успеха в играх. Это именно то, что нужно любому геймеру для покорения высот. HP Omen 880 - высокая производительность для развлечений, игр и работы в многозадачном режиме. Чтобы всегда быть в лидерах, нужен ПК, развивающийся вместе с вами. Настольный ПК OMEN разработан для удобства модернизации и имеет дверцы для быстрого доступа к компонентам без инструментов и удобства обслуживания, а также дополнительные отсеки для жестких дисков. Вентиляционные отверстия по всему периметру и два вентилятора диаметром 120 мм защищают ваш настольный компьютер от перегрева во время игровых баталий.', 'Общие параметры: \r\nФорм-фактор корпуса: Midi-Tower\r\nОсновной цвет: чёрный\r\nПрограммное обеспечение: \r\nОперационная система: Windows 10 Домашняя\r\nПроцессор: \r\nМодель процессора: Ryzen 7 1700\r\nКоличество ядер процессора: 8\r\nЧастота процессора: 3000 МГц\r\nАвтоматическое увеличение частоты: 3700 МГц\r\nОбъем кэша L2: 4 МБ\r\nОбъем кэша L3: 16 МБ\r\nВидеокарта: \r\nТип видеокарты: дискретная\r\nПроизводитель видеочипа: AMD\r\nМодель дискретной видеокарты: Radeon RX 580\r\nОбъем видеопамяти: 4096 МБ\r\nОперативная память: \r\nТип оперативной памяти: DDR4\r\nРазмер оперативной памяти: 8 ГБ\r\nНакопители данных: \r\nСуммарный объем жестких дисков (HDD): 1 ТБ\r\nОбъем твердотельного накопителя (SSD): нет\r\nИнтерфейсы/разъемы: \r\nВидео интерфейсы: HDMI, DisplayPort x3\r\nИнтерфейсы периферии: USB 2.0 x2, USB 3.0 x6, jack 3.5 mm х3, USB 3.0 Type-C x2\r\nИнтернет/передача данных: \r\nВид доступа в Интернет: Ethernet, Wi-Fi\r\nДополнительная информация: \r\nОптический привод: DVD-RW\r\nДополнительное встроенное оборудование: карт-ридер, Bluetooth\r\nГабариты: \r\nДлина: 442.1 мм\r\nШирина: 192 мм\r\nВысота: 417.2 мм', 1),
(26, 7, 'Aegis X3 VR7RE-035RU [9S6-B90911-035]', '[Intel Core i7 7700, 4x3600 МГц, GeForce GTX 1070, 16 ГБ DDR4, HDD 2 ТБ, SSD 128 ГБ, Wi-Fi, DVD±RW, Windows 10 Домашняя]', 'Бесподобная производительность и экстраординарный дизайн — визитная карточка флагманской серии игровых десктопов MSI Aegis. Эти серьёзные машины предназначены тем, кто ценит только самое лучшее в гейминге. Их вооружение — самые продвинутые видеокарты, самые качественные аудиотехнологии, лучшая архитектура охлаждения и безграничные игровые возможности. Серия Aegis — это всё самое лучшее, что можно встретить в настоящем игровом ПК.', 'Общие параметры: \r\nФорм-фактор корпуса: Midi-Tower\r\nПрограммное обеспечение: \r\nОперационная система: Windows 10 Домашняя\r\nПроцессор: \r\nМодель процессора: Core i7 7700\r\nКоличество ядер процессора: 4\r\nЧастота процессора: 3600 МГц\r\nАвтоматическое увеличение частоты: 4200 МГц\r\nОбъем кэша L2: 1 МБ\r\nОбъем кэша L3: 8 МБ\r\nВидеокарта: \r\nТип видеокарты: дискретная\r\nПроизводитель видеочипа: Nvidia\r\nМодель дискретной видеокарты: GeForce GTX 1070\r\nМодель интегрированной видеокарты: Intel HD Graphics 630\r\nТип видеопамяти: GDDR5\r\nОбъем видеопамяти: 8192 МБ\r\nОперативная память: \r\nТип оперативной памяти: DDR4\r\nРазмер оперативной памяти: 16 ГБ\r\nНакопители данных: \r\nСуммарный объем жестких дисков (HDD): 2 ТБ\r\nОбъем твердотельного накопителя (SSD): 128 ГБ\r\nПоддержка Intel Optane: есть\r\nОбъем накопителя Intel Optane: нет\r\nИнтернет/передача данных: \r\nВид доступа в Интернет: Ethernet, Wi-Fi\r\nСкорость сетевого адаптера: 1000 Мбит/с\r\nДополнительная информация: \r\nОптический привод: DVD±RW\r\nДополнительное встроенное оборудование: Bluetooth\r\nОсобенности: RGB-подсветка Mystic Light\r\nГабариты: \r\nДлина: 433 мм\r\nШирина: 170 мм\r\nВысота: 376 мм', 1),
(27, 3, 'Predator Orion 9000 [DG.E0JER.005]', '[Intel Core i7 7800X, 6x3500 МГц, 2x GeForce GTX 1080 Ti, 32 ГБ DDR4, HDD 3 ТБ, SSD 512 ГБ, Wi-Fi, DVD-RW, Windows 10 Домашняя]', 'Массивный корпус Acer Predator Orion 9000 позволяет создать конфигурацию, соответствующую вашим потребностям, и реализовывать весь ваш игровой потенциал, обеспечивая исключительную многозадачность. Благодаря поднимаемой верхней металлической решетке и легкосъемным боковым панелям этот компьютер — мечта любого сборщика ПК. Кроме того, этот компьютер обеспечивает возможность легкого расширения — как для обработки мощнейших задач, так и для самых ресурсоемких игр. Среди большого количества портов удобно расположена кнопка «Turbo». Если вам необходимо повысить скорость работы, эта кнопка позволяет воспользоваться функцией оверклокинга.', 'Общие параметры: \r\nФорм-фактор корпуса: Full-Tower\r\nОсновной цвет: чёрный\r\nПрограммное обеспечение: \r\nОперационная система: Windows 10 Домашняя\r\nПроцессор: \r\nМодель процессора: Core i7 7800X\r\nКоличество ядер процессора: 6\r\nЧастота процессора: 3500 МГц\r\nАвтоматическое увеличение частоты: 4000 МГц\r\nОбъем кэша L2: 1.5 МБ\r\nОбъем кэша L3: 8.25 МБ\r\nВидеокарта: \r\nТип видеокарты: дискретная\r\nПроизводитель видеочипа: Nvidia\r\nМодель дискретной видеокарты: 2x GeForce GTX 1080 Ti\r\nОбъем видеопамяти: 2 х 11264 Мб\r\nОперативная память: \r\nТип оперативной памяти: DDR4\r\nРазмер оперативной памяти: 32 ГБ\r\nНакопители данных: \r\nСуммарный объем жестких дисков (HDD): 3 ТБ\r\nОбъем твердотельного накопителя (SSD): 512 ГБ\r\nИнтерфейсы/разъемы: \r\nИнтерфейсы периферии: USB 2.0 x2, USB 3.0 x6, jack 3.5 mm х2, RJ-45\r\nИнтернет/передача данных: \r\nВид доступа в Интернет: Ethernet, Wi-Fi\r\nДополнительная информация: \r\nОптический привод: DVD-RW\r\nДополнительное встроенное оборудование: Bluetooth\r\nГабариты: \r\nДлина: 700 мм\r\nШирина: 299 мм\r\nВысота: 643 мм', 1);

-- --------------------------------------------------------

--
-- Структура таблицы `Goodstypes`
--

CREATE TABLE `Goodstypes` (
  `id` int(11) NOT NULL,
  `id_category` int(11) NOT NULL,
  `name` varchar(100) NOT NULL
) ENGINE=InnoDB DEFAULT CHARSET=utf8;

--
-- Дамп данных таблицы `Goodstypes`
--

INSERT INTO `Goodstypes` (`id`, `id_category`, `name`) VALUES
(1, 1, 'Компьютеры'),
(2, 2, 'Процессоры'),
(3, 2, 'Материнские платы'),
(4, 2, 'Видеокарты'),
(5, 2, 'ОЗУ'),
(6, 2, 'Блоки питания'),
(7, 2, 'Жесткие диски'),
(8, 2, 'SSD накопители'),
(9, 2, 'Корпуса'),
(10, 2, 'Звуковые карты'),
(11, 3, 'Холодильники'),
(12, 3, 'Стиральные машины'),
(13, 3, 'Плиты'),
(14, 3, 'Телевизоры'),
(15, 2, 'Мониторы'),
(16, 2, 'Клавиатуры'),
(17, 2, 'Компьютерные мыши'),
(18, 2, 'Наушники');

-- --------------------------------------------------------

--
-- Структура таблицы `Marks`
--

CREATE TABLE `Marks` (
  `id` int(11) NOT NULL,
  `name` varchar(100) NOT NULL
) ENGINE=InnoDB DEFAULT CHARSET=utf8;

--
-- Дамп данных таблицы `Marks`
--

INSERT INTO `Marks` (`id`, `name`) VALUES
(1, 'DEXP'),
(2, 'ioShop'),
(3, 'Acer'),
(4, 'Lenovo'),
(5, 'HP'),
(6, 'Dell'),
(7, 'MSI'),
(8, 'Intel'),
(9, 'AMD'),
(10, 'ASUS'),
(11, 'EVGA'),
(12, 'Gigabyte'),
(13, 'Inno3D'),
(14, 'Palit'),
(15, 'Sapphire'),
(16, 'Zotac'),
(17, 'A-Data'),
(18, 'Ballistix'),
(19, 'Corsair'),
(20, 'HyperX'),
(21, 'Kingston'),
(22, 'AeroCool'),
(23, 'Chieftec'),
(24, 'FSP'),
(25, 'ZALMAN'),
(26, 'Hitachi'),
(28, 'Seagate'),
(29, 'Toshiba'),
(30, 'Western Digital'),
(31, 'A-Data'),
(32, 'Kingston'),
(33, 'Samsung'),
(34, 'Silicon Power'),
(35, 'ASRock'),
(36, 'Inwin'),
(37, 'Thermaltake'),
(38, 'Creative'),
(39, 'ESI'),
(40, 'ATLANT'),
(41, 'Beko'),
(42, 'Bosch'),
(43, 'Indesit'),
(44, 'LG'),
(45, 'LIEBHERR'),
(46, 'Smeg'),
(47, 'Beko'),
(48, 'Electrolux'),
(49, 'Samsung'),
(50, 'Darina'),
(51, 'Gefest'),
(52, 'Hansa'),
(53, 'Лысьва'),
(54, 'BBK'),
(55, 'Sony'),
(56, 'Thompson'),
(57, 'BENQ'),
(58, 'Phillips'),
(59, 'Logitech'),
(60, 'Razer'),
(61, 'Smartbuy'),
(62, 'A4Tech'),
(63, 'Defender'),
(64, 'Genius'),
(65, 'SteelSeries');

-- --------------------------------------------------------

--
-- Структура таблицы `News`
--

CREATE TABLE `News` (
  `id` int(11) NOT NULL,
  `name` varchar(50) NOT NULL,
  `intro` varchar(80) NOT NULL,
  `text` text NOT NULL,
  `date` datetime NOT NULL DEFAULT CURRENT_TIMESTAMP
) ENGINE=InnoDB DEFAULT CHARSET=utf8;

--
-- Дамп данных таблицы `News`
--

INSERT INTO `News` (`id`, `name`, `intro`, `text`, `date`) VALUES
(1, 'Цена на бытовую технику увеличилась вдвое', 'Как с этим справиться? Есть надежное решение', 'Как с этим справиться? Есть надежное решение!\r\nИдейные соображения высшего порядка, а также начало повседневной работы по формированию позиции позволяет оценить значение модели развития. Значимость этих проблем настолько очевидна, что консультация с широким активом играет важную роль в формировании новых предложений.\r\nЕсли у вас есть какие то интересные предложения, обращайтесь! Студия Web-Boss всегда готова решить любую задачу. Значимость этих проблем настолько очевидна, что консультация с широким активом играет важную роль в формировании новых предложений.\r\nРавным образом рамки и место обучения кадров влечет за собой процесс внедрения и модернизации системы обучения кадров, соответствует насущным потребностям. Равным образом постоянный количественный рост и сфера нашей активности играет важную роль в формировании системы обучения кадров, соответствует насущным потребностям.\r\nРазнообразный и богатый опыт консультация с широким активом обеспечивает широкому кругу. Товарищи! консультация с широким активом позволяет выполнять важные задания по разработке систем массового участия. Таким образом новая модель организационной деятельности способствует подготовки и реализации систем массового участия.\r\nЗначимость этих проблем настолько очевидна, что консультация с широким активом играет важную роль в формировании новых предложений. Разнообразный и богатый опыт консультация с широким активом обеспечивает широкому кругу. Значимость этих проблем настолько очевидна, что консультация с широким активом играет важную роль в формировании новых предложений.', '2018-03-14 16:36:59'),
(2, 'Мощный ПК для творческих задач и не только', 'Стоит ли покупать сейчас?', 'Стоит ли покупать сейчас? Наш ответ - да!\r\nИдейные соображения высшего порядка, а также укрепление и развитие структуры играет важную роль в формировании существенных финансовых и административных условий. Повседневная практика показывает, что реализация намеченных плановых заданий в значительной степени обуславливает создание модели развития.\r\nЗначимость этих проблем настолько очевидна, что дальнейшее развитие различных форм деятельности обеспечивает широкому кругу (специалистов) участие в формировании новых предложений. . Значимость этих проблем настолько очевидна, что консультация с широким активом играет важную роль в формировании новых предложений.\r\nПовседневная практика показывает, что укрепление и развитие структуры обеспечивает широкому кругу (специалистов) участие в формировании дальнейших направлений развития. Значимость этих проблем настолько очевидна, что дальнейшее развитие различных форм деятельности обеспечивает широкому кругу (специалистов) участие в формировании новых предложений.\r\nС другой стороны укрепление и развитие структуры обеспечивает участие в формировании систем массового участия. Повседневная практика показывает, что укрепление и развитие структуры обеспечивает широкому кругу (специалистов) участие в формировании дальнейших направлений развития.\r\nРавным образом консультация с широким активом требуют определения и уточнения модели развития. Не следует, однако забывать, что дальнейшее развитие различных форм деятельности способствует подготовки и реализации форм развития.', '2018-03-14 16:40:11'),
(3, 'Когда подешевеют видеокарты?', 'Вопрос, интересующий многих геймеров', 'Из-за чрезмерного огромного ажиотажа со стороны майнеров криптовалют видеокарты мощнее GTX 1050 стоят сейчас в 1,5-2 раза дороже обычного. Это относится и к NVidia, и к AMD. Когда стоит ожидать падения цен до более-менее нормального уровня?\r\nСмысл - смысл есть во всем.\r\n\r\nГоворя серьезно, нужно немного подождать. Я бы сказал даже не спада цен на Gpu, а нужно подождать выхода новой серии процессоров Intel. Мы говорим об игровом сегменте, а это значит, что данная корпорация монополист в этом случае. Итак, если позволяет бюджет, то можно брать и на X399 сокете. Я лично, не брезгаю б/у процессорами. Вам это любой сисадмин скажет. Почему не брезгаю, ответ прост, у интела нет ножек, которые используются у AMD, даже в AM4 сокете, для проводника. Это если образно говорить. У синего лагеря, используются прямые контакты, нет ножек, да и если поцарапается подошва, особо ничего не будет. Ну не прямо, чтобы ножом проехаться. Если руки прямые, то можно и скальпировать, хотя это смотря какое поколение. Ой, возвращаясь к б/у процессору, не сочтите за рекламу, но на китай-экспрессе найти можно. В свое время брал i7 3770k. Хорошая вещь, не скальпирован, видно было, что термопаста была жирно нанесена, но это спиртом быстренько исправил.\r\n\r\nТеперь о видеокартах, смотрите за курсом Эфира, если хотите видео от амуды (у меня rx580, доволен как слон, работаю в Unreal engine 4, хватает с лихвой), если хотите зеленых, смотрите курс Zcash. В связи с тем, что огромное количество школьников вломилось в дебри, в которые лезть не надо, происходит постепенная эмиссия, ну а там инфляция долго себя ждать не заставит. Кстати, красные карты подешевели, 480 стоят около 26-29 т.₽. Конечно не 21, за которые я брал свою от asus в модификации strix. К осени точно подешевеют, эфир уходит на другую систему майнинга, для естественного отбора школотрона.\r\n\r\nТеперь нужно поговорить о времени. Упор на бюджет идет. По сути, если хватает, собирать и сейчас можно. Мне больше для работы все нужно, а вот как разработчик скажу, через лет 5 можно все выкинуть будет. Я использую pbr текстуры и сложные расчеты теней, карты хватает, но только вот оптимизировать не хочется. Это шаг назад в графическом плане. Пусть игры заставят Amd, NVidia, Intel делать более мощное железо. Это ведь катализатор. Смена тех.процесса прошла, а вот пользы особой нет. Вот появление многоядерных, иначе овермногоядерных, это хорошо. Пора перестать делать оптимизацию на 4 ядра. Для консолей можно будет постараться, но там архитектура другая, в XDK проще все дается. Майкрософт постарался, и сделал удобство для оптимизации. Выход One X и Ps Pro это хорошо. Нам, разрабам, проще делать ГОДНЫЙ КОНТЕНТ, и радовать аудиторию.\r\n\r\nИтак, подводя еще одну логическую черту, я бы подождал. И майнеры успокоятся, когда им налоги за электричество будут приходить и курс падать (и вмешательство гос-ва, без него никак), и процессоры будут новее. Лучше потратить деньги на более важное сейчас, но тут не мне решать. Удачи!', '2018-03-14 16:42:02'),
(4, 'Скидка 20% на все ноутбуки до конца недели', 'Поторопитесь!', 'В течение следующей недели сеть магазинов ioShop продает ноутбуки по сниженной цене: на все модели HP, Dell и Acer действует скидка 20%. Поторопитесь, количество товара ограничено!', '2018-03-14 16:53:14'),
(5, 'Гибридные процессоры AMD Ryzen', 'Несмотря на то, что Windows 7 ...', 'Несмотря на то, что Windows 7 остаётся очень популярной операционной системой, сейчас уже имеется немало причин перейти на Windows 10. Как известно, при использовании современных процессоров Intel и AMD с Windows 7 есть ряд ограничений, включая отсутствие обновлений и исправлений для ОС.\r\n\r\nОднако ситуация, похоже, усложняется. На просторах ресурса Reddit можно найти свежую запись о том, как пользователь столкнулся с ситуацией, когда APU Ryzen (поколение Raven Ridge) попросту не работают с Windows 7.\r\n\r\nAPU Ryzen, видимо, не поддерживают Windows 7\r\nОн утверждает, что новые гибридные процессоры AMD не поддерживают данную ОС. Можно было бы подумать, что проблема в драйверах, так как сама AMD предлагает лишь драйвер для Windows 10, но решить проблему посредством дискретного графического адаптера не получится, так как сама проблема, если верить записи, заключается в отсутствии поддержки на уровне BIOS.\r\n\r\nТо есть исправлять ситуацию должны производители системных плат. Пользователь пробовал некие платы ASRock и Gigabyte, но во всех случаях итог был один. Техподдержка ASRock утверждает, что виновата непосредственно AMD.\r\n\r\nНикаких комментариев со стороны AMD по этому поводу пока не последовало. Будет ли исправлена ситуация, пока неясно.', '2018-03-14 16:57:23'),
(6, 'Лучший автомобиль', 'Речь о BMW', 'BMW AG (аббревиатура от Bayerische Motoren Werke AG, с нем. — «Баварские моторные заводы») — немецкий производитель автомобилей, мотоциклов, двигателей, а также велосипедов. Председателем компании на сегодняшний день является Норберт Райтхофер, а главным дизайнером — Йозеф Кабан[4]. Девиз компании — «Freude am Fahren», с нем. — «С удовольствием за рулем». Для англоязычных стран был придуман также «The Ultimate Driving Machine».', '2018-03-14 17:26:03'),
(7, 'Седьмая', 'Любимая', 'Страничка моя', '2018-03-14 23:02:18'),
(8, 'Xiaomi запустила программу ', 'по замене старых смартфонов на её новые устройства', 'В ноябре прошлого года компания Xiaomi запустила программу обмена старых смартфонов на свои новые модели, получившую название «Mi Exchange». Однако воспользоваться ей для замены своего смартфона можно было лишь при условии посещения фирменного магазина Mi Home. Теперь китайская компания запустила аналогичную услугу для клиентов онлайн-магазина Mi.com.\r\n\r\n\r\nПрограмма «Mi Exchange» позволяет клиентам заменить свой старый смартфон на новое устройство Xiaomi в онлайн-режиме. Её условиям соответствует широкий спектр смартфонов от 15 разных брендов.\r\n\r\nКлиенты должны указать смартфон, который они решили заменить, и ввести номер IMEI, чтобы определить окончательную цену. Цена определяется исходя из состояния устройства и текущей рыночной цены. Xiaomi поставила условие, что «у экрана или корпуса не должно быть вмятин, трещин или неровностей». Это означает, что устройство должно быть в хорошем состоянии, чтобы иметь право на его обмен.\r\n\r\nОпределившись с ценой, пользователь сможет сгенерировать обменный купон. После этого стоимость подлежащего обмену смартфона будет сразу же зачислена на Mi-аккаунт пользователя.\r\n\r\nОбменный купон может быть использован для получения скидки на ту же сумму при покупке любого смартфона Xiaomi. Смартфон пользователя, предлагаемый к обмену, проверят и заберут при доставке нового устройства Xiaomi.', '2018-03-18 22:30:51'),
(9, 'Корпус Xigmatek Mystic 9', 'снабжён тремя вентиляторами Galaxy Premium', 'Честная) Xigmatek, по сообщениям сетевых источников, подготовила к выпуску компьюторный корпус Mystic 9, предназначенный для игровых систем.\r\n\r\n\r\nНовинка рассчитана нате установку материнской платы типоразмера ATX, Micro-ATX или Mini-ITX. Объём составляют 452 × 200 × 495 мм.\r\n\r\n\r\nТуловище получил прозрачные панели сбоку и спереди. Причём во фронтальной части изначально установлены три вентилятора Galaxy Premium диаметром 120 мм с многоцветной подсветкой. Близ необходимости внутри можно разместить ещё четыре кулера — три с высоты птичьего полета и один сзади.\r\n\r\n\r\nПредусмотрены посадочные места для семи карт расширения. В частности, дозволено установить дискретные графические ускорители длиной до 390 мм. Максимально допустимая возвышение процессорного охладителя — 160 мм.', '2018-03-19 00:10:30'),
(10, 'Улучшения сайта', 'Долгожданное обновление уже доступно!', 'На сайте стали доступны ункты меню \"Компьютеры\" и \"Бытовая техника\".\r\nПоспешите купить готовые системные блоки по привлекательной цене!\r\nПосмотреть на ассортимент можно уже сейчас вот <a href=\"/viewgoods.php\">тут</a>.', '2018-03-19 23:16:11');

--
-- Индексы сохранённых таблиц
--

--
-- Индексы таблицы `Goods`
--
ALTER TABLE `Goods`
  ADD PRIMARY KEY (`id`),
  ADD KEY `id_type` (`id_type`),
  ADD KEY `id_mark` (`id_mark`);

--
-- Индексы таблицы `Goodstypes`
--
ALTER TABLE `Goodstypes`
  ADD PRIMARY KEY (`id`);

--
-- Индексы таблицы `Marks`
--
ALTER TABLE `Marks`
  ADD PRIMARY KEY (`id`);

--
-- Индексы таблицы `News`
--
ALTER TABLE `News`
  ADD PRIMARY KEY (`id`);

--
-- AUTO_INCREMENT для сохранённых таблиц
--

--
-- AUTO_INCREMENT для таблицы `Goods`
--
ALTER TABLE `Goods`
  MODIFY `id` int(11) NOT NULL AUTO_INCREMENT, AUTO_INCREMENT=29;

--
-- AUTO_INCREMENT для таблицы `Goodstypes`
--
ALTER TABLE `Goodstypes`
  MODIFY `id` int(11) NOT NULL AUTO_INCREMENT, AUTO_INCREMENT=19;

--
-- AUTO_INCREMENT для таблицы `Marks`
--
ALTER TABLE `Marks`
  MODIFY `id` int(11) NOT NULL AUTO_INCREMENT, AUTO_INCREMENT=66;

--
-- AUTO_INCREMENT для таблицы `News`
--
ALTER TABLE `News`
  MODIFY `id` int(11) NOT NULL AUTO_INCREMENT, AUTO_INCREMENT=11;

--
-- Ограничения внешнего ключа сохраненных таблиц
--

--
-- Ограничения внешнего ключа таблицы `Goods`
--
ALTER TABLE `Goods`
  ADD CONSTRAINT `goods_ibfk_1` FOREIGN KEY (`id_type`) REFERENCES `Goodstypes` (`id`),
  ADD CONSTRAINT `goods_ibfk_2` FOREIGN KEY (`id_mark`) REFERENCES `Marks` (`id`);
COMMIT;

/*!40101 SET CHARACTER_SET_CLIENT=@OLD_CHARACTER_SET_CLIENT */;
/*!40101 SET CHARACTER_SET_RESULTS=@OLD_CHARACTER_SET_RESULTS */;
/*!40101 SET COLLATION_CONNECTION=@OLD_COLLATION_CONNECTION */;
